{
    "files": {
        "wapt-host": {
            "isDir": true, 
            "realpath": "C:\\tranquilit\\wapt\\waptserver\\repository\\wapt-host", 
            "lastmodification": 1579083603.9898076, 
            "files": {}, 
            "size": 0
        }, 
        "wapt": {
            "isDir": true, 
            "realpath": "C:\\tranquilit\\wapt\\waptserver\\repository\\wapt", 
            "lastmodification": 1579083954.1084297, 
            "files": {
                "wapt/eijifezjifezji": {
                    "isDir": true, 
                    "files": {}, 
                    "lastmodification": 1579182532.6934152, 
                    "size": 0
                }, 
                "wapt/text": {
                    "isDir": true, 
                    "files": {
                        "wapt/text/Nouveau document texte (4).txt": {
                            "isDir": false, 
                            "sum": "e3b0c44298fc1c149afbf4c8996fb92427ae41e4649b934ca495991b7852b855", 
                            "lastmodification": 1579190230.971114, 
                            "size": 0
                        }, 
                        "wapt/text/Nouveau document texte (3).txt": {
                            "isDir": false, 
                            "sum": "e3b0c44298fc1c149afbf4c8996fb92427ae41e4649b934ca495991b7852b855", 
                            "lastmodification": 1579190228.1516688, 
                            "size": 0
                        }, 
                        "wapt/text/Nouveau document texte (2).txt": {
                            "isDir": false, 
                            "sum": "e3b0c44298fc1c149afbf4c8996fb92427ae41e4649b934ca495991b7852b855", 
                            "lastmodification": 1579190225.4598024, 
                            "size": 0
                        }, 
                        "wapt/text/Nouveau document texte.txt": {
                            "isDir": false, 
                            "sum": "e3b0c44298fc1c149afbf4c8996fb92427ae41e4649b934ca495991b7852b855", 
                            "lastmodification": 1579190221.8729436, 
                            "size": 0
                        }
                    }, 
                    "lastmodification": 1579190343.9550755, 
                    "size": 4096
                }, 
                "wapt/ssl.old.old": {
                    "isDir": true, 
                    "files": {
                        "wapt/ssl.old.old/8c875f0c5e3885858fa79bb63419a54026a6ec6b64908694f4b94643153650fb.crt": {
                            "isDir": false, 
                            "sum": "dc14c58fdad2586d1481edbb14e82bbe28dad11b2d0f359b2127099778b27b4c", 
                            "lastmodification": 1579174146.5597675, 
                            "size": 2012
                        }, 
                        "wapt/ssl.old.old/cfe66c39ec5aa4a10075d22a6f001bd2effedf5ea32233a989d952f7b6e1334c.crt": {
                            "isDir": false, 
                            "sum": "d225a06cec1fc29766d43fb62e9373af1a37aa46a06ec6b472ee6345cfe0178f", 
                            "lastmodification": 1579083954.1539202, 
                            "size": 1484
                        }
                    }, 
                    "lastmodification": 1579181839.8348236, 
                    "size": 4096
                }, 
                "wapt/fezfezfezfezojjo": {
                    "isDir": true, 
                    "files": {
                        "wapt/fezfezfezfezojjo/Nouveau document texte (2).txt": {
                            "isDir": false, 
                            "sum": "e3b0c44298fc1c149afbf4c8996fb92427ae41e4649b934ca495991b7852b855", 
                            "lastmodification": 1579182551.0016646, 
                            "size": 0
                        }, 
                        "wapt/fezfezfezfezojjo/fezjezofjezfezoj": {
                            "isDir": true, 
                            "files": {}, 
                            "lastmodification": 1579182539.5797844, 
                            "size": 0
                        }, 
                        "wapt/fezfezfezfezojjo/Nouveau document texte.txt": {
                            "isDir": false, 
                            "sum": "e3b0c44298fc1c149afbf4c8996fb92427ae41e4649b934ca495991b7852b855", 
                            "lastmodification": 1579182547.6450353, 
                            "size": 0
                        }
                    }, 
                    "lastmodification": 1579182551.0016646, 
                    "size": 4096
                }, 
                "wapt/Packages": {
                    "isDir": false, 
                    "sum": "48b7ec13b150c2c6fdd19a9af9ed1fc10f4bc7e59e8e7b1b67ee468fa8b24dcc", 
                    "lastmodification": 1579083640.1095166, 
                    "size": 116
                }
            }, 
            "size": 0
        }, 
        "waptwua": {
            "isDir": true, 
            "realpath": "C:\\tranquilit\\wapt\\waptserver\\repository\\waptwua", 
            "lastmodification": 1579083604.079758, 
            "files": {}, 
            "size": 0
        }
    }, 
    "version": 12, 
    "id": 13
}